{"cameraMode":{"drawMode":0,"name":"Shaded","section":"Shading Mode"},"sceneLighting":false,"audioPlay":false,"sceneViewState":{"showFog":true,"showMaterialUpdate":false,"showSkybox":false,"showFlares":true,"showImageEffects":true,"showParticleSystems":true},"in2DMode":false,"pivot":{"x":52.96961975097656,"y":2.2491960525512697,"z":37.21750259399414},"rotation":{"x":-0.40165698528289797,"y":0.17385390400886537,"z":-0.07791636884212494,"w":-0.8957963585853577},"size":6.58868408203125,"orthographic":false}